580,66,single,Gavan Botcherby,gbotcherby0@woothemes.com,(247) 9016734
675,95,married,Stevana Girdwood,sgirdwood1@uol.com.br,(135) 5394625
141,94,single,Timoteo Schultz,tschultz2@last.fm,(326) 7548178
851,79,married,Hendrik Sweetmore,hsweetmore3@bandcamp.com,(132) 9022400
823,34,divorced,Dario Horribine,dhorribine4@newyorker.com,(529) 4358243
785,97,divorced,Aila Racine,aracine5@fotki.com,(931) 6472381
933,12,divorced,Massimiliano Godmar,mgodmar6@pbs.org,(903) 4369544
396,21,married,Mal Voyce,mvoyce7@ebay.co.uk,(854) 3265889
848,33,single,Clyve Smee,csmee8@shutterfly.com,(515) 5786723
220,61,married,Wendall Vicent,wvicent9@wikimedia.org,(253) 1572673
785,68,single,Wilone Egdale,wegdalea@cloudflare.com,(269) 2051168
787,89,married,Essa Oleszcuk,eoleszcukb@furl.net,(290) 6641026
105,55,single,Nikoletta Rahill,nrahillc@facebook.com,(446) 7263394
619,7,single,Shalna Southerton,ssouthertond@biglobe.ne.jp,(117) 7155909
269,88,divorced,Ginelle Ondracek,gondraceke@phoca.cz,(551) 3872094
820,35,married,Clementina Sculpher,csculpherf@indiatimes.com,(935) 8832282
523,18,single,Creighton Standbridge,cstandbridgeg@prnewswire.com,(982) 9990493
654,27,divorced,Parry Giacopazzi,pgiacopazzih@uol.com.br,(914) 8414146
453,39,married,Marris Cuffin,mcuffini@vimeo.com,(881) 6416528
383,57,single,Gustavo Grisenthwaite,ggrisenthwaitej@disqus.com,(834) 1279306
726,11,divorced,Farly Brownscombe,fbrownscombek@sourceforge.net,(947) 8832411
835,32,single,Stanislaus Shreve,sshrevel@is.gd,(550) 5668185
867,71,single,Danya Fabbro,dfabbrom@nationalgeographic.com,(771) 9143303
538,14,married,Maegan Biasetti,mbiasettin@theatlantic.com,(592) 4687980
178,74,divorced,Holly-anne Offener,hoffenero@samsung.com,(921) 7895669
975,49,divorced,Correy Deeman,cdeemanp@webnode.com,(614) 1004010
925,81,married,Suzie Obell,sobellq@buzzfeed.com,(423) 2438107
966,1,single,Zola Robertet,zrobertetr@twitpic.com,(197) 3553885
296,8,married,Bernice Marston,bmarstons@mysql.com,(254) 3280468
712,39,single,Emmy Kleinstein,ekleinsteint@163.com,(139) 3760240
650,56,married,Lindon Allmann,lallmannu@unblog.fr,(136) 4796521
966,81,divorced,Traci Blade,tbladev@4shared.com,(648) 3470081
930,13,divorced,Ariela Topper,atopperw@arstechnica.com,(182) 2084412
270,8,single,Debora Pavier,dpavierx@google.nl,(471) 5957216
757,72,married,Robin Letchford,rletchfordy@sbwire.com,(643) 2826634
136,3,married,Broddy Launchbury,blaunchburyz@vinaora.com,(857) 5788931
491,39,single,Maible Lentsch,mlentsch10@mac.com,(206) 7281573
767,3,single,Barde Lasslett,blasslett11@wp.com,(403) 4210922
890,93,married,Zarla Houtbie,zhoutbie12@flickr.com,(781) 1404690
774,84,single,Melinda Proughten,mproughten13@domainmarket.com,(824) 6743084
224,33,married,Willow Ewins,wewins14@wikipedia.org,(389) 3087038
213,56,divorced,Merrel Ferrari,mferrari15@smh.com.au,(979) 1385967
104,52,divorced,Roderic Pleat,rpleat16@odnoklassniki.ru,(816) 2579867
412,46,single,Felike Bienvenu,fbienvenu17@cbslocal.com,(232) 5153083
692,70,single,Wynne Worviell,wworviell18@github.io,(506) 1951535
450,68,divorced,Fleurette Truelock,ftruelock19@google.com,(798) 7026389
858,64,single,Payton Stangoe,pstangoe1a@auda.org.au,(118) 4430269
529,67,single,Cynthea Preddle,cpreddle1b@hp.com,(347) 2245394
929,78,married,Trumaine Elman,telman1c@i2i.jp,(438) 3368017
600,47,married,Bobbi Durham,bdurham1d@baidu.com,(492) 2720106
445,5,married,Maximilien Pedrick,mpedrick1e@geocities.com,(731) 6143321
926,6,married,Cindie Tabbernor,ctabbernor1f@reference.com,(627) 9585495
272,64,single,Wallie Championnet,wchampionnet1g@odnoklassniki.ru,(608) 7866340
191,6,divorced,Feodora Longcaster,flongcaster1h@163.com,(526) 9472955
248,49,married,Opalina Hankinson,ohankinson1i@wordpress.org,(775) 5745103
828,100,single,Bar Rickard,brickard1j@a8.net,(129) 2772817
908,22,single,Tamiko Bellini,tbellini1k@gravatar.com,(432) 7072698
976,36,single,Mendel Hawyes,mhawyes1l@google.fr,(281) 6977240
400,39,divorced,Malissia Jehu,mjehu1m@bluehost.com,(661) 2347060
194,55,married,Josy Dalmon,jdalmon1n@youku.com,(689) 5881154
266,16,single,Heall Parkhouse,hparkhouse1o@edublogs.org,(840) 6587029
660,98,single,Emmie Menel,emenel1p@w3.org,(989) 2570246
544,78,married,Kerrin Infante,kinfante1q@amazon.co.jp,(150) 9234702
463,50,single,Glenden Poland,gpoland1r@gmpg.org,(397) 1424990
628,18,single,Anette Lapere,alapere1s@w3.org,(837) 4147454
299,32,divorced,Cindelyn Timmes,ctimmes1t@comsenz.com,(950) 3143831
857,57,single,Claretta Brenneke,cbrenneke1u@admin.ch,(204) 2598852
638,89,married,Valeria Dressel,vdressel1v@bbb.org,(939) 3387838
367,29,married,Kenyon Engel,kengel1w@usda.gov,(845) 2371558
815,54,single,Rivi Guillon,rguillon1x@51.la,(717) 3208040
369,33,divorced,Kassie Ewbanks,kewbanks1y@cbc.ca,(278) 1705296
750,73,divorced,Timofei Espie,tespie1z@quantcast.com,(706) 2344664
410,50,married,Nannette Dobell,ndobell20@t-online.de,(277) 4590270
600,54,single,Marcelo MacTeggart,mmacteggart21@symantec.com,(139) 5620746
593,53,single,Cchaddie Lucey,clucey22@tmall.com,(542) 5868747
286,15,single,Biddy Penlington,bpenlington23@4shared.com,(758) 9678049
367,67,married,Leola Govern,lgovern24@independent.co.uk,(464) 2374377
643,96,married,Yasmin Giraux,ygiraux25@theguardian.com,(466) 9029877
196,88,divorced,Maible Haseldine,mhaseldine26@infoseek.co.jp,(743) 2285365
128,64,divorced,Suki Dameisele,sdameisele27@prweb.com,(381) 2014968
781,64,divorced,Carmita Degue,cdegue28@fda.gov,(348) 2261803
600,96,single,Theresa Belchambers,tbelchambers29@tinyurl.com,(588) 4954979
377,53,single,Paula Matteuzzi,pmatteuzzi2a@slate.com,(235) 6801049
388,22,divorced,Judith Twiggs,jtwiggs2b@bing.com,(476) 7787647
718,51,divorced,Harmonia Spavins,hspavins2c@toplist.cz,(684) 7193393
498,53,single,Hamel Scrase,hscrase2d@infoseek.co.jp,(805) 5309818
961,70,divorced,Chandal Bernadot,cbernadot2e@t-online.de,(667) 8730530
440,16,divorced,Salvador Limpkin,slimpkin2f@unesco.org,(774) 3479388
833,26,married,Tyne Petchey,tpetchey2g@deviantart.com,(516) 6544636
873,3,divorced,Ardyth Redihough,aredihough2h@nymag.com,(919) 1481674
314,9,married,Ferdinanda Shelton,fshelton2i@boston.com,(124) 6837510
796,54,married,Horace Larn,hlarn2j@washington.edu,(986) 8077720
667,48,single,Dill Crosher,dcrosher2k@ocn.ne.jp,(898) 4057659
255,76,married,Con Eitter,ceitter2l@istockphoto.com,(676) 4720831
118,79,single,Zebadiah Hughs,zhughs2m@example.com,(595) 9843547
176,51,single,Dorie Hofler,dhofler2n@biblegateway.com,(281) 5524339
405,56,married,Annie Dixey,adixey2o@alibaba.com,(420) 2205579
247,64,divorced,Issi Ciciotti,iciciotti2p@spotify.com,(251) 5775319
350,48,married,Matthus Gallymore,mgallymore2q@ibm.com,(603) 2413355
493,40,married,Abbe Brislen,abrislen2r@creativecommons.org,(251) 5963719
516,69,single,Siana Soutar,ssoutar2s@prlog.org,(687) 9214853
732,82,single,Beth Noden,bnoden2t@dmoz.org,(696) 9524552
107,82,divorced,Dru Oldred,doldred2u@earthlink.net,(730) 2809045
967,90,married,Frederique MacMychem,fmacmychem2v@rediff.com,(821) 6709720
901,26,married,Marilee Landsbury,mlandsbury2w@patch.com,(435) 7493431
149,23,divorced,Art O' Cloney,ao2x@drupal.org,(395) 3888864
203,100,divorced,Dyanna Wheaton,dwheaton2y@mac.com,(942) 1220614
209,78,married,Marcela ducarme,mducarme2z@dagondesign.com,(507) 5305152
223,15,single,Gabriell Badsey,gbadsey30@zimbio.com,(465) 1614731
318,32,single,Betty Balme,bbalme31@google.cn,(196) 6668437
474,79,divorced,Kendell Castagnone,kcastagnone32@woothemes.com,(614) 5542147
196,23,divorced,Heath Shrive,hshrive33@webnode.com,(552) 1478712
890,55,single,Fernande Newiss,fnewiss34@uiuc.edu,(297) 7977252
750,2,married,Emelia Dymond,edymond35@ebay.co.uk,(587) 2974138
951,17,divorced,Katerina Nangle,knangle36@mediafire.com,(749) 6596103
291,92,married,Wilfred Decker,wdecker37@about.me,(989) 1155361
370,50,divorced,Carlee Stolz,cstolz38@yellowpages.com,(766) 2992053
915,5,married,Fredia Salvadori,fsalvadori39@devhub.com,(320) 6090031
868,35,married,Theressa Balsellie,tbalsellie3a@thetimes.co.uk,(219) 5999997
569,70,single,Matti Roskilly,mroskilly3b@mozilla.org,(680) 1052273
100,18,single,Kelcie Vannacci,kvannacci3c@vinaora.com,(443) 6115992
192,31,divorced,Beatrix Whye,bwhye3d@imdb.com,(884) 9239258
410,65,married,Cacilia Baskeyfield,cbaskeyfield3e@google.ru,(275) 4092364
662,86,married,Rhianon Pleager,rpleager3f@wikimedia.org,(758) 6030727
444,59,divorced,Kathe Woof,kwoof3g@xinhuanet.com,(952) 1712031
115,84,divorced,Randy Wilderspoon,rwilderspoon3h@rediff.com,(101) 4371330
875,22,single,Gussy Linkin,glinkin3i@networksolutions.com,(477) 4865037
577,53,divorced,Mavis Aindriu,maindriu3j@printfriendly.com,(947) 7425883
468,74,divorced,Delmer Sommerled,dsommerled3k@gravatar.com,(874) 8579967
381,19,married,Feliza Veschambre,fveschambre3l@mail.ru,(768) 5944687
150,72,married,Dyanna Sturmey,dsturmey3m@wp.com,(338) 7242900
841,36,married,Jasmin Skittles,jskittles3n@auda.org.au,(423) 7847101
555,48,married,Farlay Rispen,frispen3o@wiley.com,(417) 4188079
455,79,divorced,Lamar Braiden,lbraiden3p@chron.com,(639) 2490923
148,90,single,Madelina Pritty,mpritty3q@harvard.edu,(254) 3306516
932,13,divorced,Ash Flay,aflay3r@japanpost.jp,(479) 3540458
475,6,divorced,Danella Crossfeld,dcrossfeld3s@nbcnews.com,(436) 5916375
533,84,single,Meggi Souten,msouten3t@fotki.com,(392) 2686671
139,10,married,Mirella Marcoolyn,mmarcoolyn3u@ow.ly,(415) 7112160
630,58,single,Corny Cambell,ccambell3v@vk.com,(359) 7776461
331,85,single,Obie Alleway,oalleway3w@phoca.cz,(175) 5209977
497,41,single,Lucia Aizic,laizic3x@360.cn,(678) 1072444
705,51,divorced,Mab Legh,mlegh3y@e-recht24.de,(303) 5066544
847,40,single,Giulia Carmen,gcarmen3z@dagondesign.com,(659) 4205051
308,20,single,Filbert Kidson,fkidson40@biglobe.ne.jp,(844) 4866142
414,8,divorced,Janot Roblett,jroblett41@omniture.com,(582) 2597780
777,18,married,Samuel Hockey,shockey42@sohu.com,(178) 7084906
255,6,single,Hilly Ochterlony,hochterlony43@goo.gl,(325) 5807664
516,61,married,Claire McHardy,cmchardy44@pinterest.com,(429) 7240283
604,38,divorced,Chelsey Weinberg,cweinberg45@hhs.gov,(931) 9591033
761,20,married,Zabrina Schirach,zschirach46@wiley.com,(990) 6197220
269,81,single,Emilio Raggatt,eraggatt47@nps.gov,(937) 7606227
972,98,divorced,Netty Jaquest,njaquest48@hp.com,(863) 2011262
718,64,single,Emelyne Shermar,eshermar49@bloomberg.com,(928) 1721115
996,40,divorced,Anni Scorey,ascorey4a@npr.org,(157) 3763701
601,29,married,Franzen Carnow,fcarnow4b@google.nl,(209) 8920392
211,28,single,Harley McGrail,hmcgrail4c@gov.uk,(701) 4747869
205,26,married,Reggi Crookes,rcrookes4d@redcross.org,(529) 9039462
941,95,married,Berry Garthland,bgarthland4e@usa.gov,(751) 9230924
271,35,single,Isa Erickson,ierickson4f@wikimedia.org,(576) 8204489
341,64,single,Traver Meus,tmeus4g@kickstarter.com,(275) 8403986
238,33,divorced,Deeanne Blenkin,dblenkin4h@ning.com,(450) 6380477
212,82,divorced,Courtney Snadden,csnadden4i@adobe.com,(435) 7207131
542,36,married,Lyman Boundey,lboundey4j@wikimedia.org,(314) 2329308
830,18,married,Jourdain Shemilt,jshemilt4k@umn.edu,(497) 5947531
704,18,married,Chan Casino,ccasino4l@slideshare.net,(977) 7680913
613,41,single,Linet McGlone,lmcglone4m@ifeng.com,(602) 7102591
199,81,divorced,Wainwright Knibbs,wknibbs4n@devhub.com,(126) 8708780
691,13,divorced,Lacie Feye,lfeye4o@google.de,(648) 6621806
544,1,divorced,Constantina Paszak,cpaszak4p@unesco.org,(683) 9453430
262,64,single,Davis Ortes,dortes4q@blogspot.com,(178) 2957368
375,73,single,Culley Giacovazzo,cgiacovazzo4r@ycombinator.com,(771) 5899331
447,54,divorced,Garvey Wittke,gwittke4s@biglobe.ne.jp,(770) 5382841
406,43,married,Laurel Pettwood,lpettwood4t@samsung.com,(985) 1437040
394,60,single,Hewitt Berrick,hberrick4u@prlog.org,(530) 4570043
922,26,divorced,Bruno Erdis,berdis4v@google.co.uk,(273) 6008883
430,33,single,Emmett Baurerich,ebaurerich4w@psu.edu,(505) 4116924
660,20,married,Annette Yosevitz,ayosevitz4x@nba.com,(310) 5060796
187,13,divorced,Josephina Ness,jness4y@prnewswire.com,(437) 5013809
834,96,single,Imojean Pagitt,ipagitt4z@kickstarter.com,(116) 1340483
827,80,divorced,Annecorinne Harrie,aharrie50@harvard.edu,(116) 1206410
524,73,divorced,Arin Kemet,akemet51@flickr.com,(496) 8762416
852,47,divorced,Florentia Bartosch,fbartosch52@freewebs.com,(179) 9291238
791,13,married,Basilio Perkin,bperkin53@washingtonpost.com,(792) 1018410
631,19,divorced,Marchelle Hanvey,mhanvey54@woothemes.com,(559) 6542770
418,86,single,Clarinda Chudleigh,cchudleigh55@go.com,(540) 9555070
584,68,married,Raimondo Cockran,rcockran56@imgur.com,(152) 4367690
345,16,married,Broderic Gateman,bgateman57@pinterest.com,(803) 7866068
574,66,married,Elianora Kerner,ekerner58@canalblog.com,(206) 7748849
724,24,divorced,Ulrica Bryenton,ubryenton59@dot.gov,(780) 9724689
931,68,single,Frieda Stanyforth,fstanyforth5a@taobao.com,(619) 4860993
903,18,married,Jannel Garza,jgarza5b@goo.ne.jp,(801) 2109284
649,91,single,Al Clementi,aclementi5c@nasa.gov,(678) 8542821
311,81,divorced,Justis Burnhams,jburnhams5d@sina.com.cn,(992) 2000233
317,71,divorced,Vernen Todarello,vtodarello5e@sun.com,(927) 4095421
543,63,married,Grange Gaynor,ggaynor5f@ycombinator.com,(665) 4487054
454,53,divorced,Lorenza Yurocjkin,lyurocjkin5g@ebay.com,(706) 7258404
996,78,single,Britney Westcarr,bwestcarr5h@163.com,(413) 3451821
658,42,single,Erie Yukhnevich,eyukhnevich5i@abc.net.au,(507) 6527632
941,43,single,Tadd Amsden,tamsden5j@lycos.com,(210) 9274724
374,26,married,Dina Balthasar,dbalthasar5k@dailymotion.com,(792) 7932737
849,98,single,Langston Kevis,lkevis5l@latimes.com,(171) 5707028
635,10,single,Merrily Medhurst,mmedhurst5m@army.mil,(813) 5452961
900,51,married,Abbe Loudyan,aloudyan5n@kickstarter.com,(151) 1356651
154,40,married,Mano Elletson,melletson5o@cocolog-nifty.com,(817) 1249278
681,69,married,Francine Bredee,fbredee5p@sitemeter.com,(135) 2771291
577,16,divorced,Georgina Pakes,gpakes5q@uol.com.br,(160) 3641962
406,90,single,Lawton Ungerechts,lungerechts5r@wufoo.com,(976) 6365893
946,65,divorced,Marlene Geipel,mgeipel5s@uol.com.br,(195) 3227826
592,76,divorced,Kelsey Bootton,kbootton5t@macromedia.com,(313) 9334247
410,64,divorced,Bertina Tufts,btufts5u@shutterfly.com,(322) 1364418
754,98,single,Florida Tales,ftales5v@com.com,(414) 2859921
569,82,single,Josepha Spaldin,jspaldin5w@nsw.gov.au,(221) 3263268
808,96,married,Casper Andreone,candreone5x@upenn.edu,(428) 3868595
112,28,married,Cynthea Groger,cgroger5y@deliciousdays.com,(771) 3852023
437,27,married,Chicky Parminter,cparminter5z@github.com,(606) 3959554
808,34,married,Aurora Tunnicliff,atunnicliff60@trellian.com,(833) 3565126
332,65,single,Candis Geddis,cgeddis61@prnewswire.com,(838) 9141292
974,4,single,Syman Arboin,sarboin62@bigcartel.com,(506) 3242986
152,99,divorced,Rees McGeaney,rmcgeaney63@jugem.jp,(493) 2070617
401,39,single,Sybil Oels,soels64@behance.net,(826) 8768464
831,59,single,Fremont Guppie,fguppie65@biglobe.ne.jp,(398) 5101944
500,96,married,Billy Schumacher,bschumacher66@yelp.com,(654) 5356313
284,100,divorced,Octavia Sunnucks,osunnucks67@w3.org,(124) 1522261
369,70,single,Calvin Presdie,cpresdie68@4shared.com,(120) 4523574
710,54,married,Alyse Harrowsmith,aharrowsmith69@jimdo.com,(529) 6050996
892,95,married,Tamarra Olander,tolander6a@dailymotion.com,(269) 9265645
679,54,married,Bertrando Golson,bgolson6b@comcast.net,(697) 7911788
721,27,single,Rhodia Ruprecht,rruprecht6c@slate.com,(883) 7788078
313,34,divorced,Yorgos Cammidge,ycammidge6d@artisteer.com,(161) 7239838
325,38,divorced,Fairfax Mc Faul,fmc6e@dailymotion.com,(523) 5800703
694,40,married,Jeth Cankett,jcankett6f@about.me,(469) 8507869
514,97,single,Stan Kenninghan,skenninghan6g@salon.com,(690) 9581107
485,9,single,Rudiger Kembery,rkembery6h@wikispaces.com,(717) 4901881
157,85,married,Greg Fulleylove,gfulleylove6i@phpbb.com,(459) 8039855
331,64,single,Engelbert Braizier,ebraizier6j@craigslist.org,(675) 1316714
857,15,married,Estelle Wheaton,ewheaton6k@skyrock.com,(979) 7709049
757,47,married,Orran Bohlsen,obohlsen6l@ameblo.jp,(436) 9075376
198,12,single,Drucie McQuaide,dmcquaide6m@simplemachines.org,(272) 5996055
939,99,divorced,Derby Bengall,dbengall6n@cisco.com,(414) 8706785
265,74,divorced,Theodora Aubrun,taubrun6o@pinterest.com,(371) 9034987
841,41,single,Channa Hildred,childred6p@tripod.com,(152) 4012656
731,89,single,Davida Beverage,dbeverage6q@360.cn,(633) 4695492
273,39,single,Helyn Doxsey,hdoxsey6r@paypal.com,(463) 7701133
437,35,married,Bride Bidmead,bbidmead6s@usda.gov,(780) 2642970
330,77,divorced,Marv Folkes,mfolkes6t@google.ru,(413) 4551816
115,21,single,Brig Blevin,bblevin6u@symantec.com,(734) 4856231
282,71,married,Gennie Juggins,gjuggins6v@newyorker.com,(618) 9352751
278,56,single,Alastair Pooke,apooke6w@netvibes.com,(134) 5121556
218,1,single,Prudy Gabbett,pgabbett6x@springer.com,(921) 4557720
177,48,married,Malissa Kobera,mkobera6y@rakuten.co.jp,(888) 4847929
702,85,divorced,Shirlee Velten,svelten6z@drupal.org,(610) 3635074
629,73,divorced,Ammamaria Streeten,astreeten70@omniture.com,(412) 3332670
755,25,divorced,Alina Probbin,aprobbin71@slashdot.org,(358) 2615216
124,73,single,Kakalina Kilrow,kkilrow72@naver.com,(782) 8843200
209,96,married,Venus Krzyzowski,vkrzyzowski73@naver.com,(893) 5706064
239,67,married,Bobby Joynson,bjoynson74@prweb.com,(940) 1831393
254,59,married,Wilmer Allanson,wallanson75@wordpress.org,(433) 3268288
426,6,single,Raimundo Kleinschmidt,rkleinschmidt76@sciencedaily.com,(363) 2237109
735,18,married,Clementia Deathridge,cdeathridge77@msn.com,(757) 5641138
584,70,married,Tiffany Cardinale,tcardinale78@constantcontact.com,(412) 6228474
582,41,divorced,Earl Harcus,eharcus79@ow.ly,(605) 4215422
879,80,divorced,Huntington Lucks,hlucks7a@cam.ac.uk,(377) 3838848
866,35,divorced,Beilul McKennan,bmckennan7b@elpais.com,(657) 4971805
294,38,divorced,Donia Minget,dminget7c@army.mil,(577) 3903858
221,51,single,Fidelio Cromley,fcromley7d@multiply.com,(881) 2417170
969,14,single,Kelsey Bownes,kbownes7e@comsenz.com,(345) 9225082
126,3,divorced,Dayle Dreakin,ddreakin7f@reference.com,(477) 9338434
986,82,single,Arthur Atheis,aatheis7g@tmall.com,(901) 5489883
195,100,single,Guillemette Coneybeare,gconeybeare7h@arstechnica.com,(634) 6095033
485,68,single,Twila Facchini,tfacchini7i@networkadvertising.org,(860) 3014885
176,17,divorced,Noland Friett,nfriett7j@toplist.cz,(972) 9755270
142,21,married,Bonita Bwy,bbwy7k@tripadvisor.com,(476) 9293138
584,79,married,Shirleen Mitchley,smitchley7l@xing.com,(454) 1937985
599,43,single,Elna Doodney,edoodney7m@sohu.com,(442) 3350417
841,11,divorced,Gilles Beaford,gbeaford7n@scientificamerican.com,(598) 8239462
324,13,married,Meara Harbert,mharbert7o@seattletimes.com,(543) 1137990
335,27,single,Kellia Statham,kstatham7p@google.com,(339) 7272547
526,80,divorced,Orelie Lummus,olummus7q@dagondesign.com,(901) 2453610
401,11,divorced,Cynthea Milius,cmilius7r@washingtonpost.com,(507) 2721433
489,60,single,Eddie Innwood,einnwood7s@php.net,(237) 6115716
803,17,married,Timofei Rayne,trayne7t@nifty.com,(638) 1473418
587,43,divorced,Bev Chiverton,bchiverton7u@is.gd,(145) 9720206
930,75,married,Renae Aberhart,raberhart7v@europa.eu,(576) 9720528
746,25,divorced,Gabriello Normaville,gnormaville7w@purevolume.com,(989) 8376043
652,72,married,Toni Idenden,tidenden7x@dropbox.com,(601) 9916200
112,33,married,Giacinta Kamena,gkamena7y@edublogs.org,(157) 4980354
604,69,married,Madelene Mill,mmill7z@pagesperso-orange.fr,(974) 2534952
855,18,single,Marylou Greendale,mgreendale80@cpanel.net,(792) 7502458
829,43,divorced,Christiana Korbmaker,ckorbmaker81@usatoday.com,(946) 3229207
249,8,married,Dierdre Burgan,dburgan82@youtu.be,(281) 3470367
478,67,married,Chris Ugoletti,cugoletti83@nymag.com,(600) 5976289
864,33,single,Amata Tremethack,atremethack84@webnode.com,(411) 3783582
458,56,single,Heather Vanetti,hvanetti85@youtube.com,(815) 4297424
654,9,married,Gillan Linzey,glinzey86@go.com,(615) 7611990
116,24,married,Berk Bootland,bbootland87@ox.ac.uk,(270) 6139322
310,61,married,Tulley Feitosa,tfeitosa88@nsw.gov.au,(468) 7039748
933,99,married,Bryanty Vials,bvials89@marketwatch.com,(634) 9343108
395,39,divorced,Dorotea Clarke-Williams,dclarkewilliams8a@nps.gov,(938) 1596752
515,79,divorced,Lottie Beecheno,lbeecheno8b@mtv.com,(838) 8510730
224,44,divorced,Abbot Juste,ajuste8c@harvard.edu,(607) 8939797
555,75,married,King Vigurs,kvigurs8d@theatlantic.com,(714) 6449365
199,52,divorced,Rivi Fazzioli,rfazzioli8e@harvard.edu,(433) 1387587
494,2,single,Erika Roizn,eroizn8f@g.co,(225) 1716757
164,48,married,Dwayne Fazakerley,dfazakerley8g@unc.edu,(990) 2359236
894,31,divorced,Bevon Moxom,bmoxom8h@java.com,(770) 5345005
201,14,married,Gualterio Whenham,gwhenham8i@goodreads.com,(823) 2983869
106,61,married,Roarke O'Rourke,rorourke8j@51.la,(887) 5829040
518,30,single,Abram Sange,asange8k@ehow.com,(257) 5577922
767,19,single,Burr Keirl,bkeirl8l@tinyurl.com,(782) 3464873
333,13,married,Etienne Thomke,ethomke8m@vinaora.com,(146) 1996324
997,80,married,Gennifer McComas,gmccomas8n@auda.org.au,(483) 3729186
376,46,single,Ambur Loos,aloos8o@technorati.com,(742) 2504744
941,83,married,Cyril Wilmington,cwilmington8p@slashdot.org,(537) 3029534
610,100,single,Hort Gullan,hgullan8q@state.tx.us,(895) 4483441
295,17,married,Clarette Rosedale,crosedale8r@google.cn,(615) 7018977
344,29,single,Gerhardine Mityushkin,gmityushkin8s@deliciousdays.com,(263) 7608857
297,18,single,Faythe Geistbeck,fgeistbeck8t@surveymonkey.com,(573) 2019736
852,10,married,Adolphe Mathes,amathes8u@tinyurl.com,(912) 1070535
659,79,single,Josefa Spering,jspering8v@dot.gov,(728) 8470955
830,57,single,Grete Cabedo,gcabedo8w@hc360.com,(110) 1919171
900,24,single,Ruperto Duester,rduester8x@wikimedia.org,(670) 1410732
282,9,married,Sherman Sivess,ssivess8y@parallels.com,(923) 5855575
498,6,married,Therine Fenkel,tfenkel8z@shop-pro.jp,(500) 9499668
862,52,divorced,Ara Enders,aenders90@booking.com,(688) 2265584
533,10,married,Marilee McAuliffe,mmcauliffe91@cpanel.net,(214) 9342092
739,83,divorced,Kristel Hallam,khallam92@webs.com,(293) 4485201
457,74,single,Carlene Darlaston,cdarlaston93@uiuc.edu,(119) 3282430
522,77,married,Ursula Chung,uchung94@ucla.edu,(952) 8926995
291,27,single,Veronike Wickstead,vwickstead95@jigsy.com,(703) 7611600
201,35,married,Peri Easeman,peaseman96@over-blog.com,(379) 6296878
897,68,single,Archie Verbeke,averbeke97@jigsy.com,(237) 9665840
986,20,single,Alexa Brazear,abrazear98@engadget.com,(756) 2639227
570,71,divorced,Gus Shier,gshier99@shinystat.com,(229) 2231275
808,41,single,Leyla Van Dale,lvan9a@zimbio.com,(924) 3550388
387,28,married,Herta Bover,hbover9b@pinterest.com,(195) 5142408
665,97,single,Daffie Menguy,dmenguy9c@vk.com,(867) 5979567
783,75,divorced,Sophi Gatsby,sgatsby9d@amazon.com,(223) 4515270
515,93,divorced,Pat Embery,pembery9e@thetimes.co.uk,(622) 2138399
707,40,single,Borden Charnock,bcharnock9f@yellowpages.com,(170) 8805285
134,89,married,Mervin Durban,mdurban9g@arstechnica.com,(946) 3027303
726,87,divorced,Angie Lamberto,alamberto9h@nps.gov,(257) 3834864
970,48,single,Anastasie Leamon,aleamon9i@diigo.com,(233) 9211711
824,27,married,Kacie Wyatt,kwyatt9j@github.io,(999) 7710844
949,92,divorced,Nancie Tanser,ntanser9k@t.co,(372) 7186097
481,95,married,Vaughan Stile,vstile9l@vinaora.com,(435) 3705602
837,39,single,Donetta de Pinna,dde9m@tiny.cc,(107) 8838903
320,63,married,Bobby Tussaine,btussaine9n@bbc.co.uk,(331) 1914659
482,79,married,Consuelo Minocchi,cminocchi9o@forbes.com,(165) 2665560
866,89,divorced,Collen Baverstock,cbaverstock9p@yelp.com,(700) 6427412
605,24,married,Aristotle Rubrow,arubrow9q@topsy.com,(247) 6863397
244,73,divorced,Amalee Miebes,amiebes9r@thetimes.co.uk,(800) 2373260
271,45,married,Joane Grigoletti,jgrigoletti9s@nytimes.com,(954) 8404751
513,25,married,Peggie Choldcroft,pcholdcroft9t@smh.com.au,(861) 8779420
149,63,divorced,Adolphe Ruste,aruste9u@ucsd.edu,(791) 4871386
800,74,single,Leroy Shmyr,lshmyr9v@ezinearticles.com,(513) 3246850
894,4,single,Desiree Olivi,dolivi9w@slideshare.net,(471) 8546113
647,73,divorced,Masha Sommerlie,msommerlie9x@ehow.com,(492) 4526497
405,67,married,Bellanca Blackler,bblackler9y@globo.com,(463) 1392982
248,12,single,Carolynn Tilson,ctilson9z@craigslist.org,(776) 8549840
710,39,married,Virge Tarpey,vtarpeya0@huffingtonpost.com,(829) 9266969
376,19,married,Ivette Crutchley,icrutchleya1@spiegel.de,(226) 9643163
667,1,single,Aggi Islep,aislepa2@com.com,(987) 1715643
838,56,married,Sven Curwen,scurwena3@go.com,(490) 2566232
839,59,single,Garik Devereux,gdevereuxa4@accuweather.com,(676) 2506785
511,63,single,Weylin MacCook,wmaccooka5@github.com,(850) 4809808
588,2,married,Dionne Docker,ddockera6@google.it,(868) 9257481
692,14,single,Rhodia Yukhtin,ryukhtina7@kickstarter.com,(147) 7957999
803,39,married,Una Rakestraw,urakestrawa8@yahoo.co.jp,(712) 6340248
746,94,married,Jeralee Wholesworth,jwholeswortha9@reuters.com,(418) 6020344
636,41,single,Gwenore Mangeot,gmangeotaa@buzzfeed.com,(411) 2369257
490,25,married,Marv Tite,mtiteab@rakuten.co.jp,(947) 4203493
261,30,married,Inness Hyland,ihylandac@nih.gov,(171) 2396598
799,85,married,Nappy Beagan,nbeaganad@histats.com,(973) 2069081
488,52,married,Bertha Overstreet,boverstreetae@delicious.com,(541) 1925652
446,81,married,Radcliffe MacElharge,rmacelhargeaf@reuters.com,(185) 7316243
956,97,single,Giffy Stirrup,gstirrupag@naver.com,(402) 2899226
386,30,married,Thorstein Mattessen,tmattessenah@dyndns.org,(153) 7967856
120,19,single,Nicholas McBeith,nmcbeithai@time.com,(832) 2127272
725,66,married,Jim Cleen,jcleenaj@spiegel.de,(671) 2035054
972,16,married,Anett Halston,ahalstonak@aboutads.info,(797) 9882497
366,74,single,Akim Grimsdike,agrimsdikeal@blogspot.com,(501) 5490550
169,74,married,Tracie Monahan,tmonahanam@msu.edu,(877) 3641404
983,30,married,Elset Greave,egreavean@devhub.com,(376) 8317582
802,68,divorced,Coriss Robrow,crobrowao@wikipedia.org,(479) 9635728
412,84,married,Nikoletta Eck,neckap@intel.com,(269) 1604371
487,92,married,Corinna Cleve,ccleveaq@angelfire.com,(756) 7719480
921,86,divorced,Jesse Stiles,jstilesar@163.com,(521) 6592257
182,43,divorced,Les Mabley,lmableyas@usatoday.com,(272) 3928731
543,12,married,Hamlin Pepperrall,hpepperrallat@last.fm,(202) 6554048
324,90,married,Lavena Ilieve,lilieveau@hubpages.com,(259) 7936642
971,77,divorced,Josephina McCarrell,jmccarrellav@google.co.uk,(439) 9133986
974,51,single,Arabela Donaher,adonaheraw@utexas.edu,(922) 3831153
931,93,married,Nicko Liptrot,nliptrotax@liveinternet.ru,(103) 4427734
825,95,single,Sherwood Rawlison,srawlisonay@angelfire.com,(451) 5427651
860,74,married,Lorenzo Voller,lvolleraz@storify.com,(725) 5712774
257,17,married,Ruddy Ranns,rrannsb0@vinaora.com,(352) 1602591
546,82,married,Layton Le Count,lleb1@smugmug.com,(474) 1387488
143,77,divorced,Milo Berre,mberreb2@usa.gov,(302) 4316406
385,55,married,Francois Leyzell,fleyzellb3@kickstarter.com,(115) 1868943
313,30,single,Enrico Bugby,ebugbyb4@ask.com,(221) 5795685
945,69,married,Paige O'Donnell,podonnellb5@multiply.com,(859) 5263952
808,60,single,Natala Bosman,nbosmanb6@barnesandnoble.com,(473) 5757417
671,33,divorced,Lia Bedome,lbedomeb7@kickstarter.com,(350) 4364338
737,37,divorced,Georgina Shelborne,gshelborneb8@unc.edu,(473) 7471756
232,35,single,Cammie Fosten,cfostenb9@nyu.edu,(281) 7191953
857,94,divorced,Annie Berick,aberickba@tumblr.com,(166) 9986426
160,41,single,Emyle Sprake,esprakebb@tinypic.com,(514) 3307349
500,69,divorced,Jamil Benbough,jbenboughbc@blogs.com,(326) 7844344
312,1,married,Nelie Chasteney,nchasteneybd@bluehost.com,(219) 9416070
286,24,married,Eloise Rosenstengel,erosenstengelbe@census.gov,(957) 2240226
361,30,divorced,Gabe Klimochkin,gklimochkinbf@github.io,(375) 6474295
166,90,single,Rivi Badwick,rbadwickbg@issuu.com,(898) 9185610
567,31,divorced,Margareta Lissemore,mlissemorebh@networkadvertising.org,(100) 6889560
663,89,single,Roz Logg,rloggbi@digg.com,(307) 4725975
476,91,married,Lotty Cutriss,lcutrissbj@gravatar.com,(167) 3052919
726,63,single,Drucy Goublier,dgoublierbk@google.nl,(180) 1739997
421,79,divorced,Ephraim Drewe,edrewebl@parallels.com,(724) 9929040
607,59,single,Dell Comello,dcomellobm@mapquest.com,(957) 8194745
385,37,divorced,Warde Stump,wstumpbn@patch.com,(515) 7377079
509,78,divorced,Mela Grunnill,mgrunnillbo@reverbnation.com,(404) 3564930
696,49,single,Lacee Bicknell,lbicknellbp@bizjournals.com,(307) 6499936
903,47,married,Troy Lammerich,tlammerichbq@typepad.com,(759) 9058004
154,8,divorced,Chicky Galier,cgalierbr@sphinn.com,(744) 6792141
357,59,single,Deeanne O' Brian,dobs@xinhuanet.com,(496) 7128708
925,83,married,Liam Lampe,llampebt@tumblr.com,(549) 7929912
339,55,single,Haydon Janman,hjanmanbu@1688.com,(506) 2483794
377,61,divorced,Blaire Beadles,bbeadlesbv@weather.com,(608) 1382571
454,48,divorced,Marco Gillinghams,mgillinghamsbw@howstuffworks.com,(843) 4512932
388,58,married,Alvira Lowman,alowmanbx@prnewswire.com,(393) 9664850
568,58,divorced,Esme Lambin,elambinby@jugem.jp,(643) 1534791
261,39,divorced,Yehudi Lohoar,ylohoarbz@jugem.jp,(178) 9815119
999,23,divorced,Elayne Birkmyre,ebirkmyrec0@berkeley.edu,(429) 1672591
207,5,married,Ali Swepstone,aswepstonec1@narod.ru,(140) 1375194
231,38,divorced,Charmine Balentyne,cbalentynec2@diigo.com,(791) 3842899
965,15,divorced,Georgiana Peile,gpeilec3@domainmarket.com,(579) 7217899
927,45,divorced,Tamar Prior,tpriorc4@buzzfeed.com,(680) 2578221
896,81,married,Lissa Lister,llisterc5@de.vu,(165) 3284370
667,62,single,Lisa Cridge,lcridgec6@wisc.edu,(756) 8255969
483,1,married,Renault Horribine,rhorribinec7@time.com,(619) 5885419
562,9,divorced,Mona Moorcroft,mmoorcroftc8@google.fr,(947) 6359037
845,18,divorced,Raquela Khotler,rkhotlerc9@altervista.org,(754) 8017223
367,90,single,Ingaborg Ternouth,iternouthca@oracle.com,(606) 8092533
246,33,married,Trula Cornell,tcornellcb@bloglovin.com,(437) 9933992
484,45,married,Ariana Kennealy,akennealycc@1und1.de,(101) 6576526
254,68,married,Tiffany Jerrold,tjerroldcd@domainmarket.com,(943) 3541933
843,89,married,Umeko Darnody,udarnodyce@themeforest.net,(289) 9366532
590,95,divorced,Burr Gippes,bgippescf@hc360.com,(801) 7559663
421,42,single,Conn Duley,cduleycg@fastcompany.com,(946) 2783507
205,97,single,Kellby Klimus,kklimusch@unblog.fr,(778) 4112171
169,25,divorced,Modesty Aleksankin,maleksankinci@irs.gov,(824) 3075764
848,5,divorced,Sapphira Congreve,scongrevecj@google.nl,(632) 6915060
684,62,divorced,Randolph Hallad,rhalladck@businessweek.com,(304) 4917006
424,64,divorced,Lorrayne Harrema,lharremacl@ow.ly,(503) 1011401
174,68,single,Vi Gudgeon,vgudgeoncm@webs.com,(185) 2224223
148,76,divorced,Zia O'Meara,zomearacn@ebay.co.uk,(704) 4385440
414,84,single,Perren Goudie,pgoudieco@quantcast.com,(831) 6913632
653,46,divorced,Hansiain Denyukin,hdenyukincp@pcworld.com,(830) 5098593
872,41,divorced,Cirstoforo Andreini,candreinicq@cisco.com,(432) 4791995
986,11,single,Wanda Vittery,wvitterycr@usatoday.com,(857) 7108307
875,18,single,Larry Malone,lmalonecs@hud.gov,(517) 2260296
333,74,married,Ondrea Tregenna,otregennact@liveinternet.ru,(180) 3844512
762,48,married,Gris Ayrton,gayrtoncu@ycombinator.com,(801) 2904330
308,73,single,Westbrooke Hunt,whuntcv@delicious.com,(193) 8386180
195,59,single,Rodger Elderton,reldertoncw@t.co,(563) 9805816
390,18,divorced,Emmi Baumann,ebaumanncx@usnews.com,(310) 9840958
523,55,divorced,Barron Peddar,bpeddarcy@jiathis.com,(853) 8937467
405,56,single,Celestine Glasbey,cglasbeycz@wikia.com,(100) 3584096
509,31,single,Rachael Ceely,rceelyd0@istockphoto.com,(376) 8731205
816,7,divorced,Ali Ingham,ainghamd1@naver.com,(885) 2902876
823,12,single,Madeleine Twort,mtwortd2@mac.com,(572) 1623209
881,33,divorced,Simmonds Haggie,shaggied3@furl.net,(620) 3051617
368,90,divorced,Shermy Glavias,sglaviasd4@discovery.com,(881) 8772762
114,98,divorced,Betteann Liveing,bliveingd5@livejournal.com,(467) 8937936
940,86,divorced,Bentlee Warbrick,bwarbrickd6@icq.com,(987) 3850859
856,70,divorced,Caldwell Harryman,charrymand7@fastcompany.com,(834) 7102240
988,7,married,Wainwright Harse,wharsed8@g.co,(764) 9153679
297,57,married,Robbie Sprasen,rsprasend9@huffingtonpost.com,(634) 2006183
945,32,married,Roz Broomhead,rbroomheadda@istockphoto.com,(862) 8300696
754,85,divorced,Holden Skillern,hskillerndb@1und1.de,(665) 9823528
275,13,single,Cindy Santo,csantodc@technorati.com,(558) 6182878
625,51,married,Shelbi Diaper,sdiaperdd@discovery.com,(568) 3087757
760,73,married,Anitra Maudett,amaudettde@pbs.org,(331) 6741736
889,40,divorced,Ulysses Jacobbe,ujacobbedf@google.com,(563) 9837467
362,2,divorced,Lisbeth Sleeny,lsleenydg@godaddy.com,(222) 5811809
123,78,married,Antonino Embleton,aembletondh@domainmarket.com,(317) 6801395
392,98,married,Keefer Coulthurst,kcoulthurstdi@nps.gov,(870) 5584574
916,40,single,Abbot Lissemore,alissemoredj@networkadvertising.org,(112) 8140453
461,45,married,Osborne Harley,oharleydk@rediff.com,(349) 3701766
264,48,married,Emelda Alred,ealreddl@goodreads.com,(992) 4540062
544,89,divorced,Friedrick Barnson,fbarnsondm@tinypic.com,(809) 9200048
429,53,single,Claudianus Keepe,ckeepedn@ask.com,(477) 8299165
952,34,divorced,Kristien Yoseloff,kyoseloffdo@berkeley.edu,(201) 7783969
754,9,married,Garey Bosnell,gbosnelldp@wikipedia.org,(187) 1647059
279,84,single,Giffy Daley,gdaleydq@networkadvertising.org,(616) 3249783
656,54,married,Serge Crosier,scrosierdr@cam.ac.uk,(114) 7837193
820,53,married,Stearn Cyson,scysonds@topsy.com,(926) 8828523
863,89,married,Reeva Ridewood,rridewooddt@addthis.com,(788) 3564423
876,90,single,Randall Hutchence,rhutchencedu@auda.org.au,(912) 4373887
561,86,divorced,Gherardo Ashman,gashmandv@linkedin.com,(233) 4751115
108,92,single,Min Fusedale,mfusedaledw@va.gov,(307) 3054328
874,26,single,Pepita Kerwen,pkerwendx@networksolutions.com,(397) 8271129
237,87,divorced,Myrvyn Jervois,mjervoisdy@paginegialle.it,(832) 2951522
321,66,divorced,Porty Newnham,pnewnhamdz@ezinearticles.com,(165) 4388329
879,63,single,Tiphanie Dubery,tduberye0@auda.org.au,(154) 4913275
467,43,divorced,Cirstoforo Blakiston,cblakistone1@altervista.org,(849) 2478124
732,35,married,Banky Bowmer,bbowmere2@joomla.org,(102) 4756865
438,14,single,Anna-diana Tawn,atawne3@barnesandnoble.com,(160) 8252371
210,93,single,Prent McVaugh,pmcvaughe4@myspace.com,(689) 3635102
255,100,divorced,Nannie Traill,ntraille5@stumbleupon.com,(796) 5418283
769,3,single,Ernestus Sargent,esargente6@bing.com,(264) 8753696
727,82,single,Louisa Fechnie,lfechniee7@shop-pro.jp,(981) 4933579
774,100,married,Lindy Gallant,lgallante8@biblegateway.com,(987) 2422547
935,57,married,Rae De Bernardi,rdee9@delicious.com,(869) 4345643
756,38,single,Maris Coleby,mcolebyea@ft.com,(585) 6429599
717,4,divorced,Kellen Heining,kheiningeb@webmd.com,(505) 6413109
180,95,single,Doe Tretwell,dtretwellec@foxnews.com,(513) 7921512
328,18,married,Nelia Michieli,nmichielied@mapy.cz,(248) 1148985
769,63,divorced,Joey Belchem,jbelchemee@hao123.com,(945) 4211442
282,11,divorced,Torey Noble,tnobleef@booking.com,(274) 4320562
306,84,divorced,Maurise Pirrie,mpirrieeg@eventbrite.com,(193) 2939348
350,36,divorced,Tiphany Sturte,tsturteeh@xing.com,(931) 8116008
774,31,divorced,Cory Greenough,cgreenoughei@istockphoto.com,(758) 4977902
308,58,married,Beatrix Edgecumbe,bedgecumbeej@meetup.com,(293) 2933170
129,25,single,Whitby Pracy,wpracyek@w3.org,(984) 5983657
292,59,married,Karlotta Sarfas,ksarfasel@stumbleupon.com,(130) 3291782
418,39,divorced,Ethan Ephson,eephsonem@ucsd.edu,(958) 6145050
554,45,divorced,Bridie Hackinge,bhackingeen@redcross.org,(299) 1759265
696,85,divorced,Kaja Carlyon,kcarlyoneo@examiner.com,(122) 4374224
745,9,married,Ford Figin,ffiginep@odnoklassniki.ru,(809) 5075453
766,32,married,Halimeda Holtham,hholthameq@cmu.edu,(827) 6467804
865,64,single,Angele Teek,ateeker@earthlink.net,(138) 1269334
314,49,single,Dale Buckbee,dbuckbeees@oakley.com,(684) 4883072
235,63,married,Veronike Mathen,vmathenet@ycombinator.com,(326) 7932520
402,29,single,Cathyleen Pursey,cpurseyeu@latimes.com,(275) 6365541
602,92,single,Gillie Harsum,gharsumev@hp.com,(934) 6889123
455,54,married,Camellia Messiter,cmessiterew@mac.com,(822) 3102358
194,94,married,Deva Oxe,doxeex@t.co,(451) 8789191
657,79,single,Ronalda Cyson,rcysoney@360.cn,(281) 3912657
906,24,married,Henry Bedlington,hbedlingtonez@twitter.com,(426) 4117280
315,82,single,Ferne O'Gorman,fogormanf0@pinterest.com,(943) 3019698
476,53,divorced,Tanhya Vogelein,tvogeleinf1@creativecommons.org,(328) 9808865
373,17,divorced,Dyanna Cleveley,dcleveleyf2@home.pl,(171) 7785972
731,15,divorced,Immanuel Bartos,ibartosf3@aol.com,(338) 7913258
388,26,single,Shellysheldon Corzor,scorzorf4@woothemes.com,(213) 2277742
666,31,divorced,Rania Columbell,rcolumbellf5@w3.org,(597) 2294466
282,13,divorced,Jaymee Stubbe,jstubbef6@princeton.edu,(845) 5328191
306,90,married,Josepha Wiggans,jwiggansf7@unesco.org,(553) 6787121
155,15,divorced,Joycelin Norcop,jnorcopf8@nytimes.com,(147) 9525967
352,91,single,Estrellita Virgoe,evirgoef9@adobe.com,(902) 6282873
117,25,married,Henka Wooland,hwoolandfa@baidu.com,(836) 9059017
938,69,single,Kasey Pidgin,kpidginfb@mac.com,(255) 5053075
584,33,single,Jamie McReath,jmcreathfc@ow.ly,(109) 6831731
329,80,single,Antonino Farreil,afarreilfd@yale.edu,(838) 9950961
889,73,single,Chris Delong,cdelongfe@mozilla.com,(881) 6682597
330,47,divorced,Timi Woodall,twoodallff@freewebs.com,(792) 8295051
954,73,divorced,Cos Mounsey,cmounseyfg@t-online.de,(656) 6998896
782,70,single,Inger Turpey,iturpeyfh@merriam-webster.com,(625) 1860378
344,98,single,Inglebert Deakin,ideakinfi@microsoft.com,(376) 9526579
732,70,divorced,Meridel Avey,maveyfj@sakura.ne.jp,(646) 5934896
457,85,divorced,Cob Domerque,cdomerquefk@theglobeandmail.com,(860) 1872189
934,43,divorced,Gay Egleton,gegletonfl@tripod.com,(612) 8815870
998,1,single,Gerrie Scampion,gscampionfm@51.la,(985) 5942876
323,28,single,Quintina McIlmurray,qmcilmurrayfn@toplist.cz,(404) 2849978
280,97,single,Glen Rolley,grolleyfo@furl.net,(640) 5504811
942,63,single,Erika Craigg,ecraiggfp@pinterest.com,(285) 4078274
880,24,married,Weider Pointin,wpointinfq@g.co,(589) 9585140
949,84,single,Chadwick Brookbank,cbrookbankfr@mtv.com,(999) 3355402
849,34,single,Elisha Coulson,ecoulsonfs@topsy.com,(180) 1583845
804,76,married,Leonore Saunton,lsauntonft@zimbio.com,(356) 8024961
168,77,divorced,Gilberte Densie,gdensiefu@taobao.com,(276) 3684458
683,27,married,Timothea Benbow,tbenbowfv@boston.com,(595) 2231476
824,42,single,Abdul Armal,aarmalfw@reuters.com,(242) 3163958
767,70,married,Trenton Gilbeart,tgilbeartfx@t.co,(979) 8134126
891,51,divorced,Benedicto Cicetti,bcicettify@nih.gov,(936) 9133495
786,14,married,Xymenes Grinikhinov,xgrinikhinovfz@histats.com,(731) 3287589
510,7,married,Shamus Ceaser,sceaserg0@fda.gov,(541) 6445397
237,45,married,Fiona Lindenberg,flindenbergg1@1und1.de,(162) 8355007
326,38,single,Farleigh Cullip,fcullipg2@imageshack.us,(979) 5400408
505,65,divorced,Laurence Caughtry,lcaughtryg3@spotify.com,(698) 7910254
840,28,divorced,Ragnar Naulls,rnaullsg4@businesswire.com,(718) 2830662
881,73,divorced,Fabian Gallaher,fgallaherg5@google.com,(136) 7701354
925,53,married,Cicely Hurburt,churburtg6@nydailynews.com,(211) 1140188
503,63,married,Mic Wethey,mwetheyg7@hc360.com,(336) 3550466
727,22,single,Lyda Elven,lelveng8@bloglines.com,(947) 6717142
149,38,divorced,Emily Binton,ebintong9@phoca.cz,(621) 2217109
106,4,divorced,Alikee Siggens,asiggensga@seesaa.net,(207) 9774544
328,23,married,Dennis Hungerford,dhungerfordgb@live.com,(223) 6446886
434,84,divorced,Brandon Gierardi,bgierardigc@edublogs.org,(798) 5768847
430,10,divorced,Dallas O'Dowd,dodowdgd@seesaa.net,(773) 2362590
531,78,single,Xenia Whitham,xwhithamge@apple.com,(919) 5713277
109,94,married,Steward Wethey,swetheygf@intel.com,(354) 7601885
588,41,single,Saxe Beals,sbealsgg@cdc.gov,(896) 4471077
251,100,divorced,Herrick Giacaponi,hgiacaponigh@booking.com,(133) 1287889
131,2,married,Carlene Ciobotaru,cciobotarugi@nsw.gov.au,(658) 6101731
147,52,divorced,Saree Seakings,sseakingsgj@usnews.com,(988) 6331394
137,79,married,Jose Gerner,jgernergk@mozilla.com,(475) 8038090
592,21,divorced,Reid Ogilby,rogilbygl@alexa.com,(869) 9474734
149,100,married,Bret Iacoboni,biacobonigm@rambler.ru,(439) 2575110
265,19,divorced,Blondell Langsdon,blangsdongn@dmoz.org,(731) 3489182
905,24,married,William Knoller,wknollergo@hubpages.com,(238) 6112335
161,61,divorced,Celestine Snibson,csnibsongp@dion.ne.jp,(437) 2634191
703,76,married,Yetta Morson,ymorsongq@cmu.edu,(766) 5520051
379,28,single,Reagan Shoreson,rshoresongr@yandex.ru,(476) 8212271
157,88,single,Winnah Steggals,wsteggalsgs@scribd.com,(279) 2404572
893,54,divorced,Orbadiah Girardez,ogirardezgt@guardian.co.uk,(854) 2899961
949,92,single,Jessica Gasson,jgassongu@time.com,(693) 1477510
520,72,married,Sigismondo Yonnie,syonniegv@msu.edu,(454) 5538972
486,47,single,Rollie Houlaghan,rhoulaghangw@altervista.org,(474) 1356218
569,87,single,Maximilian Duhig,mduhiggx@thetimes.co.uk,(547) 2011528
909,84,married,Ira Beckhurst,ibeckhurstgy@hhs.gov,(496) 3067156
217,47,divorced,Vinny Ollington,vollingtongz@cyberchimps.com,(731) 2566735
839,17,divorced,Cahra Ezzell,cezzellh0@discovery.com,(334) 4945196
965,10,divorced,Alla Nulty,anultyh1@google.fr,(688) 3227379
695,14,divorced,Lida Hacun,lhacunh2@free.fr,(995) 7637589
527,52,divorced,Zsa zsa McKeowon,zzsah3@constantcontact.com,(282) 2989355
287,99,divorced,Angie Aldren,aaldrenh4@dell.com,(300) 6993864
432,95,single,Wendy Giraudel,wgiraudelh5@dailymail.co.uk,(422) 2209163
552,30,single,Reginald Beaten,rbeatenh6@stumbleupon.com,(216) 5158160
323,17,single,Andrea Scramage,ascramageh7@skyrock.com,(700) 3414378
949,75,divorced,Glendon Hinnerk,ghinnerkh8@topsy.com,(558) 7302305
872,19,divorced,Opaline Scruton,oscrutonh9@posterous.com,(199) 1629754
302,33,married,Shanda Rendell,srendellha@rambler.ru,(691) 2985465
426,22,divorced,Kathye Teanby,kteanbyhb@360.cn,(883) 7331810
650,91,divorced,Amble Cluley,acluleyhc@freewebs.com,(204) 8543817
344,33,divorced,Iain Bengtsson,ibengtssonhd@xrea.com,(114) 5973231
235,83,single,Dalston Wilmot,dwilmothe@forbes.com,(990) 7693110
337,44,divorced,Pembroke Bedburrow,pbedburrowhf@examiner.com,(343) 1369551
445,29,divorced,Julieta Gopsill,jgopsillhg@about.com,(394) 3737292
543,30,divorced,Lucine Spens,lspenshh@i2i.jp,(754) 7469736
366,94,married,Rennie Farthing,rfarthinghi@economist.com,(959) 1521869
177,37,married,Lelia Hort,lhorthj@omniture.com,(366) 3841485
313,49,single,Orran Dankov,odankovhk@walmart.com,(319) 2669990
692,5,divorced,Glennie Elsby,gelsbyhl@booking.com,(740) 4752340
275,72,divorced,Tatiana Abba,tabbahm@simplemachines.org,(734) 9653896
295,99,divorced,Aindrea Hovie,ahoviehn@psu.edu,(101) 8389700
771,52,divorced,Peria Pinkett,ppinkettho@oracle.com,(235) 6063613
740,47,single,Roderic Rigbye,rrigbyehp@plala.or.jp,(644) 6323310
285,32,single,Nanon Filippello,nfilippellohq@etsy.com,(198) 6473089
363,95,divorced,Alena Glazer,aglazerhr@deviantart.com,(279) 6939843
335,17,divorced,Bianca Di Carlo,bdihs@admin.ch,(700) 6420736
142,40,single,Mead Cookson,mcooksonht@a8.net,(621) 2910616
145,67,single,Durand Loughlin,dloughlinhu@nymag.com,(151) 5936066
265,56,married,Lorant Wankel,lwankelhv@macromedia.com,(250) 6980879
734,76,divorced,Malachi Mauro,mmaurohw@google.com.au,(647) 2419355
165,78,married,Marlo Trappe,mtrappehx@over-blog.com,(487) 1930559
862,49,divorced,Samara Kleinsmuntz,skleinsmuntzhy@cnet.com,(203) 3414069
760,35,married,Ingunna Daniello,idaniellohz@friendfeed.com,(983) 3988724
522,97,single,Nap Sciacovelli,nsciacovellii0@biglobe.ne.jp,(400) 8803585
154,78,divorced,Lenna Ethelstone,lethelstonei1@geocities.com,(224) 1492511
837,41,divorced,Raquel Yglesia,ryglesiai2@ocn.ne.jp,(865) 5986811
832,96,single,Elbertine Cartmell,ecartmelli3@skyrock.com,(876) 9311595
198,60,divorced,Garik Avramovich,gavramovichi4@mysql.com,(503) 5508540
116,56,single,Lorrayne Polye,lpolyei5@nhs.uk,(170) 6268233
989,15,divorced,Kerry Bulford,kbulfordi6@flickr.com,(537) 2841405
438,67,divorced,Margret Penelli,mpenellii7@skype.com,(908) 6134742
208,91,divorced,Genvieve Losano,glosanoi8@hhs.gov,(195) 7477549
873,73,married,Finn Rainville,frainvillei9@shareasale.com,(168) 2963718
716,1,single,Rahal Layborn,rlaybornia@google.cn,(316) 4930194
582,32,divorced,Alvis Couttes,acouttesib@fema.gov,(906) 2220777
797,14,married,Fiorenze Demonge,fdemongeic@youtube.com,(271) 9412232
974,47,married,Rudolph Hatliffe,rhatliffeid@google.ru,(330) 2280749
254,99,divorced,Felicia Gatenby,fgatenbyie@nbcnews.com,(625) 6044606
371,74,divorced,Elisabeth Binks,ebinksif@liveinternet.ru,(320) 7027927
711,37,single,Gibb Logsdale,glogsdaleig@adobe.com,(911) 9550566
530,77,divorced,Diannne Upstell,dupstellih@naver.com,(648) 4895190
250,48,single,Roobbie Stearndale,rstearndaleii@constantcontact.com,(390) 6495074
103,99,married,Vonny Baldinotti,vbaldinottiij@usa.gov,(942) 7328053
943,58,married,Vita Dureden,vduredenik@amazon.co.jp,(462) 6483343
970,89,single,Krystyna Haggarth,khaggarthil@privacy.gov.au,(530) 7404134
949,35,married,Gabriella Croome,gcroomeim@noaa.gov,(264) 4210393
285,64,married,Meghann Maleck,mmaleckin@vk.com,(380) 7801370
721,9,divorced,Audre Attersoll,aattersollio@ca.gov,(361) 1110009
972,40,married,Briggs Giblett,bgiblettip@oracle.com,(772) 9865693
931,12,married,Eugene Lodemann,elodemanniq@google.ru,(441) 7582231
676,80,single,Ame Eddington,aeddingtonir@chronoengine.com,(823) 5601728
205,21,married,Renault De Bischop,rdeis@artisteer.com,(225) 9177312
818,74,divorced,Thaddus Parmley,tparmleyit@networkadvertising.org,(589) 4795613
116,53,single,Millard Edess,medessiu@nytimes.com,(930) 1673708
690,47,married,Parke Speak,pspeakiv@mapquest.com,(528) 5187012
190,85,married,Dorthy Brownett,dbrownettiw@qq.com,(674) 3551420
191,91,single,Clarine Banting,cbantingix@unblog.fr,(125) 2007515
578,18,married,Kiley Kenewell,kkenewelliy@php.net,(447) 3086773
825,18,divorced,Caryl Naulls,cnaullsiz@dedecms.com,(820) 7276553
505,78,single,Cicily Ead,ceadj0@cocolog-nifty.com,(758) 2136133
646,35,divorced,Brittni Salasar,bsalasarj1@csmonitor.com,(483) 4986234
179,71,divorced,Jane Prior,jpriorj2@artisteer.com,(293) 4450972
680,47,divorced,Raphaela Melanaphy,rmelanaphyj3@purevolume.com,(908) 5828031
939,34,single,Juliann Melpuss,jmelpussj4@un.org,(364) 2852955
256,46,divorced,Julee Kirimaa,jkirimaaj5@g.co,(801) 2928513
204,85,divorced,Finn Scullard,fscullardj6@nhs.uk,(217) 4308563
253,30,married,Pauly Pegram,ppegramj7@tinypic.com,(216) 7523132
651,19,divorced,Finlay Kisting,fkistingj8@nsw.gov.au,(109) 8082479
616,29,single,Pat O'Reagan,poreaganj9@alibaba.com,(606) 6098039
658,18,divorced,Everett Ney,eneyja@businessweek.com,(626) 5893538
422,95,divorced,Debra Wrate,dwratejb@xing.com,(574) 8331836
185,40,divorced,Korrie Margetson,kmargetsonjc@google.de,(874) 5204988
855,7,divorced,Marietta Kohrs,mkohrsjd@canalblog.com,(528) 5052985
117,5,single,Leyla Kissack,lkissackje@eventbrite.com,(209) 3337131
584,60,married,Gary Chanders,gchandersjf@unesco.org,(507) 6174815
919,77,married,Mario Coddrington,mcoddringtonjg@pinterest.com,(409) 8943927
376,46,single,Yelena Jeffry,yjeffryjh@pen.io,(461) 2153928
281,3,married,Padriac Scotsbrook,pscotsbrookji@simplemachines.org,(114) 4342969
580,90,single,Binny Clancey,bclanceyjj@dion.ne.jp,(954) 5821810
939,12,single,Anastassia Veracruysse,averacruyssejk@europa.eu,(130) 9450770
640,68,single,Jeremie Goaks,jgoaksjl@parallels.com,(628) 9935638
625,36,single,Flin Wolfindale,fwolfindalejm@cocolog-nifty.com,(624) 1896274
643,88,single,Brynne Thuillier,bthuillierjn@nymag.com,(229) 3556826
517,97,divorced,Suzann Celes,scelesjo@twitter.com,(472) 5003696
711,22,married,Dore Odam,dodamjp@de.vu,(127) 4874207
152,4,single,Waylan Isaq,wisaqjq@1und1.de,(812) 3563980
360,33,single,Alyss Barlie,abarliejr@twitter.com,(510) 2230213
667,83,single,Griff Bradford,gbradfordjs@google.com.br,(901) 6933724
990,27,single,Minnie Larchiere,mlarchierejt@symantec.com,(827) 3875491
506,17,divorced,Deane Elsie,delsieju@bloglovin.com,(966) 7859132
101,7,single,Latrina Lodovichi,llodovichijv@flavors.me,(786) 8330326
348,51,divorced,Shirl Bemrose,sbemrosejw@so-net.ne.jp,(326) 2866348
612,95,divorced,Garland Knibbs,gknibbsjx@networkadvertising.org,(609) 5595439
611,5,single,Claudetta Smetoun,csmetounjy@ted.com,(446) 9487044
344,75,married,Leta Mundee,lmundeejz@imdb.com,(689) 9584760
718,8,married,Zaria Lomaz,zlomazk0@google.ru,(255) 5383246
981,36,single,Niven Challes,nchallesk1@quantcast.com,(561) 7008313
593,47,single,Theresa Strudwick,tstrudwickk2@smugmug.com,(476) 8300655
156,88,divorced,Fredelia Dillamore,fdillamorek3@liveinternet.ru,(917) 1160888
610,51,single,Cully Amaya,camayak4@harvard.edu,(626) 3846848
720,47,married,Edvard McDowall,emcdowallk5@oracle.com,(819) 7886217
506,7,married,Jeramey Wallbridge,jwallbridgek6@umn.edu,(370) 9489482
244,73,married,Artus Baglan,abaglank7@google.co.jp,(676) 6117024
766,13,divorced,Whit Buxey,wbuxeyk8@hp.com,(967) 3959376
783,8,single,Leda Davidovic,ldavidovick9@imgur.com,(754) 3260012
962,99,single,Berri Hurdidge,bhurdidgeka@fema.gov,(658) 8378772
184,58,single,Jolie De Nisco,jdekb@booking.com,(919) 9150843
591,17,married,Val Strevens,vstrevenskc@usa.gov,(165) 1004925
495,64,married,Pierre Spurriar,pspurriarkd@woothemes.com,(685) 5836648
280,30,single,Aubine Cordobes,acordobeske@sogou.com,(445) 2841724
771,50,divorced,Anica Crack,acrackkf@over-blog.com,(869) 4498670
718,41,single,Baxie Sutch,bsutchkg@themeforest.net,(142) 4139203
284,7,single,Washington Dericut,wdericutkh@paypal.com,(464) 8466593
887,98,single,Albert Worge,aworgeki@netscape.com,(108) 1160261
788,89,single,Sharleen McGaugan,smcgaugankj@princeton.edu,(214) 1484452
637,84,married,Vaughan Shetliff,vshetliffkk@xing.com,(770) 8883251
536,48,single,Melisande Sabater,msabaterkl@sun.com,(349) 3593948
640,47,married,Dell Beet,dbeetkm@bravesites.com,(194) 6958947
672,21,divorced,Sibylla Blanc,sblanckn@cbslocal.com,(802) 1598007
793,90,divorced,Yuma Antoniutti,yantoniuttiko@phoca.cz,(833) 1258060
423,46,divorced,Elke Flanigan,eflanigankp@skyrock.com,(623) 2248067
340,13,divorced,Bernete Naisbit,bnaisbitkq@dropbox.com,(427) 7442309
805,80,single,Cassie Pindell,cpindellkr@themeforest.net,(451) 5993737
928,10,married,Shep Jessard,sjessardks@discovery.com,(552) 7604887
593,58,single,Aubree McVicker,amcvickerkt@usda.gov,(248) 5392704
165,63,divorced,Mariellen Cudbird,mcudbirdku@mapquest.com,(794) 7941645
880,86,married,Dniren Vauter,dvauterkv@nature.com,(550) 2299088
828,3,married,Lorianna Girone,lgironekw@webeden.co.uk,(344) 6875989
917,80,single,Myrah Brangan,mbrangankx@so-net.ne.jp,(109) 4919837
568,26,divorced,Ivie Melsome,imelsomeky@slate.com,(794) 8008367
971,51,married,Simona Prator,spratorkz@ucoz.ru,(502) 1055102
785,98,divorced,Philomena Marnes,pmarnesl0@joomla.org,(373) 3989919
479,80,married,Gleda Dobbinson,gdobbinsonl1@hatena.ne.jp,(734) 9196151
741,88,single,Markos Chitter,mchitterl2@gmpg.org,(840) 1513716
552,48,single,Noami Stening,nsteningl3@lulu.com,(250) 6854954
312,12,single,Almeta de Clerq,adel4@dailymotion.com,(623) 8131054
577,84,single,Benny Hanne,bhannel5@qq.com,(204) 8620394
277,30,single,Amalita Geer,ageerl6@dot.gov,(790) 5593310
156,93,single,Benedicta Huckstepp,bhucksteppl7@t.co,(822) 8665889
766,82,divorced,Antonella Jalland,ajallandl8@java.com,(420) 3028914
200,33,single,Carolyn Moir,cmoirl9@hao123.com,(306) 4203349
227,92,single,Jenny Bazley,jbazleyla@joomla.org,(195) 1499926
750,15,married,Friederike Bissiker,fbissikerlb@cnet.com,(593) 3040477
701,63,single,Viv McCabe,vmccabelc@icq.com,(863) 8696879
618,21,single,Mayer Matthieson,mmatthiesonld@baidu.com,(509) 8827928
372,33,divorced,Jacquelin Vasilmanov,jvasilmanovle@etsy.com,(507) 3469328
686,77,married,Demetris Long,dlonglf@example.com,(202) 8227210
495,15,single,Elise Keegan,ekeeganlg@bandcamp.com,(840) 9628361
697,10,married,Lainey Beilby,lbeilbylh@example.com,(271) 9956399
254,15,divorced,Laetitia Cornew,lcornewli@upenn.edu,(665) 5237102
418,28,married,Ancell Tille,atillelj@wunderground.com,(855) 9140962
622,20,married,Jeanie Assante,jassantelk@ox.ac.uk,(387) 6797378
488,33,divorced,Doe Gorch,dgorchll@lycos.com,(361) 9029637
427,3,divorced,Darcy Headon,dheadonlm@ocn.ne.jp,(203) 9309463
250,98,single,Taddeusz Gadman,tgadmanln@google.com.br,(729) 9838157
415,48,married,Carlin Stancliffe,cstancliffelo@unblog.fr,(432) 7721124
213,99,married,Brenden Keenlyside,bkeenlysidelp@google.com.hk,(898) 1191832
449,60,single,Caria Tomaszewski,ctomaszewskilq@webeden.co.uk,(788) 8590225
119,7,single,Regine Brangan,rbranganlr@smh.com.au,(253) 6512193
714,74,married,Eachelle Degue,edeguels@i2i.jp,(697) 4049099
446,53,married,Cleveland Peotz,cpeotzlt@japanpost.jp,(744) 4832342
907,88,divorced,Kalinda Ionn,kionnlu@buzzfeed.com,(810) 3826604
276,41,divorced,Normand Spavins,nspavinslv@unesco.org,(602) 9379412
485,1,divorced,Melody Westphal,mwestphallw@facebook.com,(743) 2183894
326,3,divorced,Eadith Palfrie,epalfrielx@google.com.au,(850) 8540634
646,53,single,Duffy Moncrefe,dmoncrefely@gnu.org,(245) 7491387
433,12,single,Richmond Latchford,rlatchfordlz@list-manage.com,(494) 9496214
557,41,married,Selie Middlewick,smiddlewickm0@tamu.edu,(303) 7171578
395,3,single,Lesley Poyle,lpoylem1@go.com,(913) 5177076
724,17,divorced,Tarra Ropartz,tropartzm2@godaddy.com,(277) 1095266
485,87,divorced,Ida Mocher,imocherm3@zdnet.com,(451) 9855817
906,87,divorced,Celestyn Kearford,ckearfordm4@slashdot.org,(357) 2323967
420,69,married,Win Benedict,wbenedictm5@biblegateway.com,(371) 8510858
931,82,single,Davida Jiran,djiranm6@foxnews.com,(591) 8034017
227,65,single,Robin Grimditch,rgrimditchm7@networksolutions.com,(199) 6133624
734,89,divorced,Mac Pettit,mpettitm8@twitter.com,(269) 7467493
544,16,divorced,Clair Hurlston,churlstonm9@forbes.com,(705) 7597586
520,38,single,Symon Collelton,scolleltonma@upenn.edu,(662) 1882684
557,22,divorced,Roch Peal,rpealmb@scribd.com,(356) 2646325
904,24,single,Kimmie Heaslip,kheaslipmc@goodreads.com,(878) 3880892
851,59,single,Morten Durie,mduriemd@liveinternet.ru,(632) 8567461
287,6,single,Alvin Trunkfield,atrunkfieldme@qq.com,(345) 5127729
279,15,married,Desmund Ethersey,detherseymf@eventbrite.com,(742) 8691014
955,72,married,Merell Choake,mchoakemg@networkadvertising.org,(873) 5072173
291,73,divorced,Alasdair Mellenby,amellenbymh@ask.com,(861) 2655571
779,75,single,Rennie Fasse,rfassemi@wisc.edu,(742) 7712485
394,69,married,Sophey Matussevich,smatussevichmj@myspace.com,(369) 2836403
388,68,single,Bethena Harteley,bharteleymk@fda.gov,(204) 3107622
298,90,single,Mechelle Embury,memburyml@prweb.com,(665) 7171616
667,28,married,Kevina Gridon,kgridonmm@php.net,(831) 7942804
883,99,single,Rupert Burkwood,rburkwoodmn@dot.gov,(903) 8943336
433,86,single,Alwin Rounsivall,arounsivallmo@cargocollective.com,(534) 6874639
776,18,married,Sydel Izsak,sizsakmp@jiathis.com,(928) 6353566
527,85,married,Alverta Trehearn,atrehearnmq@prlog.org,(353) 9813337
919,64,married,Melita Juza,mjuzamr@microsoft.com,(642) 7419928
249,8,married,Boycey Verheijden,bverheijdenms@nytimes.com,(795) 5088691
115,6,single,Ursala Stonestreet,ustonestreetmt@squidoo.com,(283) 1961984
257,48,married,Harman Boole,hboolemu@slideshare.net,(155) 2784662
653,83,divorced,Cesare Imlin,cimlinmv@whitehouse.gov,(374) 3281317
136,95,divorced,Ransell Bellwood,rbellwoodmw@elegantthemes.com,(777) 6742415
253,98,divorced,Pauly Vallack,pvallackmx@bravesites.com,(876) 6730631
544,57,single,Halsy Verriour,hverriourmy@flickr.com,(725) 9328115
877,5,married,Billye Lisimore,blisimoremz@addtoany.com,(681) 4256292
623,19,divorced,Trixi Speek,tspeekn0@ebay.co.uk,(889) 3373885
851,79,divorced,Nata Rouke,nrouken1@cloudflare.com,(791) 1482278
674,11,single,Clevie Foord,cfoordn2@yolasite.com,(828) 7910285
534,9,married,Allsun Jonah,ajonahn3@acquirethisname.com,(304) 9901236
503,50,divorced,Olenka Brydell,obrydelln4@utexas.edu,(561) 9932531
765,2,single,Isadora Yakovich,iyakovichn5@drupal.org,(253) 3854394
264,13,single,Binny Lorking,blorkingn6@usnews.com,(325) 7120581
429,57,married,Lexie Tuting,ltutingn7@e-recht24.de,(325) 9121018
296,100,single,Lorrin Shatford,lshatfordn8@illinois.edu,(905) 3886897
966,86,married,Marna McLaverty,mmclavertyn9@icio.us,(352) 6577169
278,48,single,Rutherford McMeekan,rmcmeekanna@exblog.jp,(695) 5947280
784,3,divorced,Giles Folomin,gfolominnb@behance.net,(569) 2930877
217,35,divorced,Freeland Stockney,fstockneync@walmart.com,(509) 9952318
859,91,single,Rosabella Sindall,rsindallnd@delicious.com,(264) 8764290
964,55,divorced,Delia Synnott,dsynnottne@xrea.com,(440) 1201793
183,9,married,Averill Gerding,agerdingnf@google.co.jp,(243) 3403454
912,58,single,Trixi Fandrey,tfandreyng@dell.com,(955) 3569110
286,69,divorced,Normand Swancott,nswancottnh@alexa.com,(602) 8652294
163,16,married,Codie Poel,cpoelni@privacy.gov.au,(183) 2471882
729,63,divorced,Darb Stapford,dstapfordnj@surveymonkey.com,(619) 3371689
690,66,divorced,Yasmin Drennan,ydrennannk@mysql.com,(691) 5894598
421,36,married,Sonja Jewel,sjewelnl@usda.gov,(194) 3882564
839,34,married,Paquito Grimsley,pgrimsleynm@networksolutions.com,(554) 3458539
457,27,married,Matelda Hallums,mhallumsnn@goo.gl,(554) 7615887
544,61,divorced,Kile Trelease,ktreleaseno@clickbank.net,(529) 8557661
645,63,single,Shauna Issatt,sissattnp@miibeian.gov.cn,(632) 4848834
569,23,married,Parker Conneely,pconneelynq@soundcloud.com,(933) 1438637
551,81,divorced,Shelton Orris,sorrisnr@ycombinator.com,(917) 5017475
105,69,divorced,Roxy Kelling,rkellingns@webmd.com,(390) 2618620
286,49,married,Alfi Fransman,afransmannt@state.gov,(571) 1860625
797,74,divorced,Raeann Kisby,rkisbynu@ft.com,(465) 7862583
840,39,single,Eliza Brownell,ebrownellnv@redcross.org,(928) 2299694
711,85,married,Papagena Kann,pkannnw@infoseek.co.jp,(899) 5382596
397,76,married,Shana Milnes,smilnesnx@walmart.com,(162) 4107329
574,31,single,Bertie Gorst,bgorstny@naver.com,(602) 2118884
176,54,single,Leeanne Malarkey,lmalarkeynz@xrea.com,(799) 5058543
592,95,single,Fancie Fairbrother,ffairbrothero0@mlb.com,(478) 6495639
654,25,single,Valeda Jeffcock,vjeffcocko1@cornell.edu,(511) 3863951
977,33,married,Valery De'Ath,vdeatho2@google.co.jp,(403) 8285743
795,2,married,Janel Hakking,jhakkingo3@dyndns.org,(581) 9709856
437,82,married,Shaw Fortescue,sfortescueo4@barnesandnoble.com,(346) 5089243
361,41,married,Emmott Breinlein,ebreinleino5@hostgator.com,(765) 1462719
742,24,divorced,Katrina Jarratt,kjarratto6@themeforest.net,(173) 7998244
846,23,married,Annice Phippin,aphippino7@mac.com,(807) 5835716
709,80,married,Kelsy Slee,ksleeo8@fastcompany.com,(678) 1811170
831,31,divorced,Sabina Ivkovic,sivkovico9@mysql.com,(126) 1344783
805,79,divorced,Tremayne Pascoe,tpascoeoa@usnews.com,(812) 9089440
255,39,single,Shawna Eyes,seyesob@issuu.com,(552) 2996204
376,41,married,Ryon Corbie,rcorbieoc@cyberchimps.com,(972) 9580951
161,12,divorced,Artair Stiggers,astiggersod@mozilla.org,(988) 5438960
653,66,single,Dugald Fairey,dfaireyoe@apache.org,(747) 2831811
566,47,married,Mildred Geindre,mgeindreof@wikia.com,(902) 1975231
320,62,married,Fancie Stickells,fstickellsog@miitbeian.gov.cn,(831) 1238377
846,54,single,Tilly Bettington,tbettingtonoh@cargocollective.com,(488) 4610106
365,6,single,Berne Gooderick,bgooderickoi@npr.org,(993) 6420456
425,99,married,Jennee McCauley,jmccauleyoj@gnu.org,(926) 7153230
746,42,divorced,Erek Grimsdyke,egrimsdykeok@pinterest.com,(500) 3194550
937,25,married,Barbie Reneke,brenekeol@amazon.co.jp,(283) 8949851
448,92,married,Lemuel Sterman,lstermanom@google.pl,(214) 8259114
365,33,single,Margette Duckering,mduckeringon@geocities.jp,(786) 8037955
648,64,divorced,Van Gaytor,vgaytoroo@cnet.com,(679) 1734291
617,96,divorced,Guinevere Morl,gmorlop@symantec.com,(774) 9915621
223,33,divorced,Rudolfo Mazzey,rmazzeyoq@issuu.com,(930) 4975040
525,44,divorced,Rania Faint,rfaintor@independent.co.uk,(331) 2486605
248,57,single,Ash Muldownie,amuldownieos@bizjournals.com,(583) 3680266
244,3,divorced,Cordelie Jeanequin,cjeanequinot@geocities.com,(217) 5530676
485,81,divorced,Oswell Schorah,oschorahou@histats.com,(401) 6044914
598,66,married,Merola Vasyukhichev,mvasyukhichevov@slashdot.org,(113) 1774508
145,93,divorced,Kassi Cohan,kcohanow@smh.com.au,(386) 4397952
148,21,married,Hamish de Mendoza,hdeox@vistaprint.com,(662) 7382978
573,87,divorced,Wyatt Roja,wrojaoy@is.gd,(981) 4105130
954,73,single,Shayla Cucuzza,scucuzzaoz@istockphoto.com,(950) 3409227
320,26,divorced,Jarid Elph,jelphp0@ted.com,(653) 2091264
155,64,divorced,Avram Pawlick,apawlickp1@apple.com,(468) 5776683
210,43,married,Laina Facchini,lfacchinip2@etsy.com,(849) 4333481
198,45,single,Alan Roalfe,aroalfep3@jimdo.com,(435) 8998827
397,73,divorced,Amata Kenefick,akenefickp4@illinois.edu,(878) 6762550
569,5,married,Aguie Petkov,apetkovp5@answers.com,(592) 5637220
310,72,married,Wilhelmina Unitt,wunittp6@slideshare.net,(105) 3150373
976,99,single,Rebekah Kaines,rkainesp7@newyorker.com,(117) 1801333
395,11,single,Ahmad Alliston,aallistonp8@cam.ac.uk,(687) 3781950
588,15,divorced,Bess Perutto,bperuttop9@twitter.com,(971) 5908226
486,92,single,Renie Gurnett,rgurnettpa@cnbc.com,(727) 9082237
485,92,divorced,Nikolas Fippe,nfippepb@godaddy.com,(812) 8052490
144,72,divorced,Darrel Seiller,dseillerpc@accuweather.com,(399) 7338643
182,78,married,Abra Llewelly,allewellypd@google.com.br,(454) 3187298
453,94,divorced,Ida O'Cannon,iocannonpe@multiply.com,(451) 2957187
202,19,married,Sebastiano Hurdman,shurdmanpf@4shared.com,(686) 2527921
777,58,single,Walt Andrieux,wandrieuxpg@hugedomains.com,(643) 6730754
692,16,married,Chance Cockerell,ccockerellph@intel.com,(638) 8097707
148,62,single,Ame Tollett,atollettpi@oracle.com,(639) 4689731
484,37,married,Frederich Curtain,fcurtainpj@people.com.cn,(428) 5458803
531,83,divorced,Horatius Jakubowsky,hjakubowskypk@deliciousdays.com,(559) 2610964
167,96,single,Tessie Comelini,tcomelinipl@privacy.gov.au,(388) 4737909
867,75,divorced,Riordan Morehall,rmorehallpm@google.cn,(838) 7147612
818,59,married,Joanne Salisbury,jsalisburypn@dailymotion.com,(719) 2997984
676,33,divorced,Stewart Giacubo,sgiacubopo@jimdo.com,(897) 9557075
640,77,married,Fanechka Fasset,ffassetpp@vk.com,(162) 3192681
416,31,single,Oralie Shailer,oshailerpq@arizona.edu,(841) 7839440
980,30,single,Catherina McGeaney,cmcgeaneypr@bravesites.com,(431) 1878526
149,87,married,Francine Leopold,fleopoldps@dedecms.com,(335) 2217877
114,2,divorced,Rafael Shellum,rshellumpt@icq.com,(944) 6195181
608,78,married,Hazel Blasl,hblaslpu@cocolog-nifty.com,(901) 2642141
565,54,married,Rhiamon Steinhammer,rsteinhammerpv@buzzfeed.com,(285) 8300156
810,38,married,Andria Brooker,abrookerpw@fda.gov,(937) 7721340
677,9,married,Darbee Barkhouse,dbarkhousepx@php.net,(925) 2825948
525,17,married,Roslyn Lias,rliaspy@ed.gov,(766) 4115183
129,85,divorced,Niel Eldered,nelderedpz@loc.gov,(574) 3197940
115,85,single,Annabelle Moreland,amorelandq0@foxnews.com,(972) 8364211
921,80,single,Anetta Toffolini,atoffoliniq1@xinhuanet.com,(746) 5822025
445,87,married,Filippo O'Flaverty,foflavertyq2@wired.com,(186) 1166367
735,63,married,Hyacinthia Balle,hballeq3@barnesandnoble.com,(839) 9306803
560,13,single,Tanya Sterrie,tsterrieq4@elegantthemes.com,(486) 4490016
257,52,married,La verne Boorman,lverneq5@cnbc.com,(611) 2628333
600,26,married,Simeon Wrassell,swrassellq6@vkontakte.ru,(420) 1121205
276,77,divorced,Zarla Woloschin,zwoloschinq7@360.cn,(852) 6497142
312,75,divorced,Reade Cookman,rcookmanq8@slashdot.org,(587) 3666182
822,73,married,Rodrique Arrowsmith,rarrowsmithq9@technorati.com,(404) 5789370
271,38,single,Wyatt Gutman,wgutmanqa@cbsnews.com,(388) 6597422
218,50,divorced,Evered Karys,ekarysqb@blinklist.com,(454) 1215857
932,41,single,Alys Queree,aquereeqc@simplemachines.org,(235) 1616168
963,61,divorced,Byron Sends,bsendsqd@cocolog-nifty.com,(978) 4605929
658,24,married,Raynor Walden,rwaldenqe@phpbb.com,(797) 3173738
959,78,divorced,Jodie Shankle,jshankleqf@parallels.com,(849) 8547048
595,26,divorced,Alejandra Brennand,abrennandqg@godaddy.com,(796) 6717689
706,17,married,Trescha Roycroft,troycroftqh@salon.com,(181) 7841802
296,74,divorced,Vera Gatsby,vgatsbyqi@samsung.com,(667) 8066870
498,60,married,Brenna Blackaller,bblackallerqj@last.fm,(755) 3353771
383,1,married,Stewart Clawsley,sclawsleyqk@exblog.jp,(472) 6069790
853,65,married,Gabbie Emanuelli,gemanuelliql@instagram.com,(956) 2366210
474,18,married,Kristian Sheal,kshealqm@state.gov,(936) 4761261
353,68,married,Renata Blount,rblountqn@storify.com,(403) 6190957
338,52,single,Lorena Chetham,lchethamqo@quantcast.com,(706) 5190824
418,69,single,Camala McGrouther,cmcgroutherqp@digg.com,(592) 1048684
674,97,single,Ebeneser Ardley,eardleyqq@blinklist.com,(114) 1606724
234,69,single,Caria Johannesson,cjohannessonqr@blogs.com,(230) 3532077
160,62,single,Constantin St Quenin,cstqs@barnesandnoble.com,(839) 9784545
163,91,married,Shari Furby,sfurbyqt@marriott.com,(348) 6279918
707,43,single,Abram Longcaster,alongcasterqu@jiathis.com,(271) 1220264
240,69,single,Ame Labden,alabdenqv@accuweather.com,(222) 4307711
504,42,divorced,Jarret Slessar,jslessarqw@bravesites.com,(662) 1476296
660,72,divorced,Aundrea Drain,adrainqx@wikipedia.org,(780) 1590788
450,28,divorced,Bobbi Abotson,babotsonqy@cmu.edu,(209) 4439996
632,28,single,Tim Rochford,trochfordqz@weebly.com,(652) 8896020
593,97,single,Cornie Garrood,cgarroodr0@columbia.edu,(865) 9088983
367,14,single,Gregoor Sewell,gsewellr1@wordpress.org,(418) 8601097
854,2,single,Wolfgang Denney,wdenneyr2@phpbb.com,(820) 8680793
982,20,single,Reeta Blamphin,rblamphinr3@goodreads.com,(367) 4813051
796,94,single,Madelin Bramble,mbrambler4@cbslocal.com,(991) 2581711
973,95,single,Fannie Kaygill,fkaygillr5@washington.edu,(306) 9336725
577,19,divorced,Baldwin Coatman,bcoatmanr6@va.gov,(393) 1967315
194,42,single,Wilton Swanton,wswantonr7@cnn.com,(378) 4054191
954,24,married,Orin Tebbs,otebbsr8@globo.com,(772) 7012407
147,50,single,Deina Pedlow,dpedlowr9@weebly.com,(523) 4885271
361,77,divorced,Dore Moreinu,dmoreinura@woothemes.com,(339) 9038014
359,28,single,Cayla Long,clongrb@senate.gov,(366) 7281063
642,3,single,Gawen Trewin,gtrewinrc@bloglovin.com,(568) 9618358
972,81,married,Zachariah Szimon,zszimonrd@dedecms.com,(946) 7628106
718,70,divorced,Waylan Gonning,wgonningre@techcrunch.com,(860) 1939582
595,1,single,Rosette Reddihough,rreddihoughrf@house.gov,(850) 8422761
241,86,single,Art Oiller,aoillerrg@moonfruit.com,(406) 2872329
425,11,married,Carmen Fellon,cfellonrh@google.cn,(217) 6597721
709,21,single,Jinny Millmoe,jmillmoeri@businesswire.com,(723) 2709030
938,10,divorced,Ethelred Truggian,etruggianrj@seattletimes.com,(335) 8124939
802,93,single,Alberik Herrieven,aherrievenrk@yale.edu,(104) 4242648
241,6,married,Avigdor Headey,aheadeyrl@macromedia.com,(304) 3873524
772,63,single,Lenette Harbert,lharbertrm@studiopress.com,(505) 1931285
244,64,divorced,Morissa Solland,msollandrn@instagram.com,(155) 2152701
714,54,single,Roddy Morales,rmoralesro@europa.eu,(405) 1122664
248,35,divorced,Toddie Dovidaitis,tdovidaitisrp@accuweather.com,(191) 6064560
742,76,married,Cissiee Baison,cbaisonrq@cargocollective.com,(674) 6135981
564,18,divorced,Fairlie Treeby,ftreebyrr@comcast.net,(768) 4624212
